run, subrun, event, track-id, start wire, start time-tick, end wire, end time-tick 
5904, 3, 180, 3, 2588, 3131.17, 2591, 3140.49
5904, 42, 2125, 4, 2636, 4354.66, 2639, 4394.45
5905, 3, 194, 3, 1587, 4848.45, 1594, 4916.82
5905, 8, 424, 3, 1680, 2429.14, 1704, 2471.09
5905, 25, 1255, 7, 2467, 4592.09, 2484, 4769.95
5905, 35, 1755, 5, 1114, 5099.9, 1115, 5198.76
5905, 36, 1817, 9, 2068, 1072.09, 2097, 1223.93
5905, 49, 2488, 6, 1487, 2734.24, 1490, 2738.72
5905, 50, 2512, 6, 1697, 2825.69, 1705, 2865.91
5905, 55, 2754, 6, 1318, 5290.36, 1328, 5296.11
5905, 57, 2856, 0, 1796, 4455.07, 1869, 4690.32
5905, 58, 2950, 5, 2179, 4839.4, 2185, 4845.56
5906, 3, 158, 6, 1310, 4800.33, 1323, 4817.25
5906, 8, 430, 6, 1964, 3178.58, 1984, 3227.91
5906, 14, 734, 1, 1633, 3025.83, 1644, 3068.34
5906, 23, 1175, 8, 1305, 4767.99, 1323, 4849.98
5906, 38, 1942, 6, 120, 2748.41, 126, 2775.31
5906, 60, 3039, 4, 2187, 2748.14, 2229, 2990.11
5906, 73, 3697, 8, 2283, 3869.64, 2293, 3936.83
5906, 74, 3723, 3, 1925, 5256.96, 1928, 5264.3
5906, 76, 3825, 2, 2714, 2937.08, 2771, 3144.2
5906, 76, 3825, 4, 2687, 3055.67, 2709, 3138.47
5906, 77, 3859, 6, 1648, 1049.34, 1660, 1151.4
5906, 77, 3892, 4, 3073, 1318.06, 3077, 1331.99
5906, 89, 4478, 1, 2814, 4228.95, 2824, 4236.58
5906, 97, 4866, 7, 1651, 2415.31, 1675, 2502.17
5906, 102, 5136, 1, 946, 1104.17, 952, 1144.59
5906, 107, 5390, 1, 1259, 4371.38, 1307, 4456.29
5906, 112, 5634, 4, 2181, 3764.78, 2207, 3821.87
5906, 118, 5937, 8, 2767, 3988.58, 2777, 4024.29
5906, 124, 6212, 4, 1104, 2245.78, 1133, 2487.03
5906, 140, 7037, 3, 1713, 1879.16, 1754, 2037.52
5906, 144, 7222, 6, 449, 3379.63, 450, 3444.49
5906, 163, 8173, 4, 3202, 1800.47, 3225, 1853.26
5906, 193, 9674, 2, 1450, 4383.17, 1472, 4436.95
5909, 9, 473, 2, 1541, 2281.53, 1545, 2390.54
5909, 13, 681, 5, 2145, 3486.4, 2157, 3546.17
5909, 21, 1053, 2, 2412, 1896.91, 2415, 1927.34
5909, 33, 1681, 3, 2462, 3778.95, 2470, 3802.5
5909, 50, 2535, 3, 566, 2733.91, 574, 2800.78
5909, 54, 2706, 2, 2369, 1062.55, 2371, 1062.58
5909, 73, 3684, 4, 2925, 4276.91, 2952, 4385.3
5910, 3, 166, 3, 677, 4889.39, 680, 4904.37
5910, 3, 185, 5, 1527, 4014.89, 1532, 4027.34
5910, 7, 396, 7, 809, 4339.85, 834, 4416.95
5910, 13, 670, 3, 1640, 3951.43, 1648, 3997.66
5910, 14, 726, 3, 2816, 3664.3, 2830, 3665.71
5910, 17, 863, 7, 143, 3120.86, 146, 3122.46
5910, 23, 1176, 4, 1932, 3809.89, 1936, 3823.31
5910, 33, 1659, 8, 1940, 5078.14, 1946, 5136.11
5910, 57, 2857, 3, 2175, 3990.73, 2178, 4026.86
5910, 60, 3019, 4, 231, 5140.23, 234, 5221.63
5910, 93, 4672, 6, 1237, 2722.66, 1248, 2846.26
5910, 108, 5440, 5, 1544, 2286.72, 1545, 2392.02
5912, 1, 86, 4, 3011, 3021.24, 3027, 3070.43
5912, 2, 138, 8, 189, 1136.95, 192, 1138.15
5912, 17, 862, 2, 155, 2322.05, 175, 2338.44
5912, 25, 1251, 7, 1135, 1619.79, 1147, 1709.57
5912, 26, 1328, 4, 2184, 1130.83, 2190, 1167.37
5912, 29, 1500, 6, 2610, 4057.58, 2624, 4103.06
5912, 31, 1566, 5, 1979, 3633.89, 1987, 3646.96
5912, 33, 1684, 3, 3017, 2688.55, 3029, 2704.82
5912, 34, 1715, 2, 1961, 4330.64, 1963, 4344.07
5912, 36, 1813, 1, 1099, 2087.5, 1101, 2088.78
5912, 40, 2026, 2, 3204, 4568.56, 3239, 4745.46
5912, 86, 4341, 7, 3150, 1973.24, 3201, 1973.26
5912, 87, 4366, 8, 122, 2038.65, 136, 2064.56
5912, 101, 5094, 8, 1282, 2075.07, 1286, 2078.15
5912, 102, 5111, 4, 1764, 2281.78, 1765, 2336.18
5914, 9, 467, 0, 1556, 3958.16, 1559, 3971.46
5914, 16, 827, 15, 1897, 5149.44, 1905, 5164.64
5914, 56, 2847, 4, 2034, 3301.73, 2041, 3317.13
5914, 60, 3022, 3, 981, 3558.98, 1004, 3640.3
5914, 60, 3026, 6, 847, 2017.24, 855, 2063.91
5914, 63, 3200, 2, 904, 3771.91, 943, 3955.01
5914, 73, 3656, 3, 149, 3702.19, 161, 4028.1
5914, 99, 4972, 4, 3355, 2547.4, 3363, 2602.22
5914, 102, 5105, 6, 2852, 4207.34, 2859, 4226.59
5914, 102, 5119, 5, 3316, 1946.26, 3350, 2039.24
5914, 117, 5860, 5, 2544, 2088.65, 2570, 2138.17
5916, 12, 604, 3, 26, 3244.93, 48, 3284.36
5916, 15, 759, 2, 2199, 2202.64, 2209, 2256.12
5916, 20, 1019, 4, 2238, 1597.54, 2242, 1647.54
5916, 22, 1141, 10, 3003, 4729.14, 3007, 4733.05
5918, 12, 616, 4, 2199, 3224.87, 2208, 3259.15
5918, 13, 655, 7, 320, 2930.36, 330, 2939.16
5918, 18, 941, 2, 1976, 2498.62, 1981, 2499.66
5918, 29, 1493, 4, 2039, 2495.91, 2054, 2586.21
5918, 38, 1924, 4, 410, 5226.95, 432, 5327.47
5918, 43, 2154, 4, 1835, 4017.06, 1838, 4021.56
5918, 44, 2245, 12, 542, 5189.37, 547, 5244.24
5921, 2, 149, 3, 662, 4193.86, 676, 4211.89
5921, 33, 1681, 3, 1860, 3025.73, 1870, 3035.08
5921, 33, 1687, 3, 2153, 2212.64, 2153, 2258.92
5921, 59, 2963, 3, 1677, 4979.77, 1683, 4988.24
5921, 63, 3189, 2, 1027, 3392.29, 1074, 3518.36
5921, 70, 3512, 6, 1261, 5239.39, 1279, 5246.51
5921, 90, 4547, 9, 1023, 5119.65, 1041, 5124.92
5921, 104, 5222, 6, 2338, 1615.96, 2344, 1726.51
5921, 109, 5466, 0, 2591, 4025.62, 2601, 4137.42
5921, 112, 5617, 5, 1655, 4013.13, 1676, 4036.3
5921, 136, 6832, 6, 1548, 5308.21, 1573, 5360.15
5921, 138, 6901, 5, 1132, 2459.06, 1152, 2510.84
5921, 138, 6949, 3, 1954, 3239.74, 1964, 3241.92
5921, 153, 7681, 10, 1170, 4978.25, 1171, 5000.87
5921, 155, 7755, 4, 2594, 2972.7, 2668, 2975.64
5923, 16, 845, 1, 456, 3593.47, 457, 3655.65
5923, 29, 1487, 9, 2666, 3316.98, 2676, 3423.98
5924, 22, 1127, 6, 798, 1077.31, 834, 1320.7
5924, 28, 1442, 7, 2019, 2838.54, 2025, 2841.99
5924, 34, 1715, 6, 1432, 2613.02, 1435, 2615.06
5924, 36, 1846, 8, 2727, 4958.32, 2737, 5008.28
5924, 39, 1981, 1, 3183, 5305.99, 3184, 5343.41
5925, 9, 499, 10, 559, 4523.13, 577, 4575.96
5925, 11, 576, 11, 1352, 3019.2, 1354, 3023.06
5925, 19, 980, 10, 989, 2959, 1012, 3128.73
5925, 60, 3007, 7, 2573, 4828.17, 2580, 4885.92
5925, 60, 3014, 5, 2067, 4410.69, 2078, 4454.65
5925, 65, 3259, 3, 3185, 2245.36, 3202, 2329.04
5925, 71, 3599, 5, 462, 3574.58, 509, 3719.86
5925, 80, 4008, 4, 301, 4473.94, 323, 4544.43
5925, 86, 4319, 10, 2604, 4456.02, 2619, 4513.56
5925, 106, 5326, 7, 289, 2054.53, 301, 2097.68
5925, 119, 5969, 28, 1941, 3881.83, 1950, 3907.73
5925, 121, 6060, 9, 97, 2923.57, 108, 2953.05
5925, 139, 6968, 11, 57, 1269.57, 70, 1274.09
5925, 145, 7272, 10, 1151, 3738.78, 1152, 3814.25
5925, 148, 7427, 0, 2120, 1335.18, 2127, 1382.59
5925, 151, 7574, 5, 183, 3063.91, 185, 3064.23
5925, 163, 8193, 6, 2297, 1923.17, 2298, 1979.9
5925, 165, 8291, 2, 1532, 1703.53, 1579, 1761.67
5925, 167, 8381, 8, 686, 2025.98, 693, 2072.89
5925, 171, 8583, 6, 222, 3720.88, 224, 3723.91
5925, 182, 9110, 9, 2983, 2406.19, 3000, 2468.57
5925, 186, 9350, 6, 1395, 2147.02, 1406, 2192.64
5925, 190, 9523, 13, 928, 1363.52, 939, 1377.33
5925, 190, 9523, 15, 593, 4067.93, 599, 4154.88
5925, 190, 9523, 16, 941, 1373.32, 948, 1379.07
5925, 195, 9784, 5, 1747, 936.352, 1825, 1041.11
5925, 198, 9929, 6, 1547, 4393.33, 1572, 4447.08
5925, 202, 10116, 6, 1856, 2449.73, 1863, 2488.93
5925, 202, 10131, 5, 1760, 4956.4, 1765, 4960.72
5925, 207, 10362, 9, 541, 1586.53, 556, 1587.53
5929, 1, 75, 2, 2033, 1850.1, 2061, 1894.04
5929, 2, 108, 10, 1823, 5045.75, 1827, 5123.69
5929, 6, 317, 2, 691, 2305.15, 718, 2388.85
5929, 26, 1348, 5, 1470, 4937.81, 1486, 4984.91
5929, 68, 3410, 6, 1293, 5333.82, 1310, 5362.36
5929, 71, 3574, 2, 1777, 1784.45, 1786, 1988.23
5929, 78, 3903, 3, 1983, 3604.02, 2029, 3676.9
5929, 99, 4990, 10, 1200, 4476.79, 1261, 4488.91
5929, 107, 5388, 5, 29, 4225.3, 51, 4229.16
5929, 107, 5392, 7, 1098, 5242.59, 1152, 5278.65
5929, 107, 5392, 8, 1083, 4609.73, 1107, 4699.07
5929, 108, 5408, 5, 201, 4800.76, 206, 4896.63
5930, 3, 197, 2, 1171, 4174.01, 1175, 4185.4
5930, 14, 728, 2, 992, 2471.28, 1040, 2634.8
5930, 21, 1094, 3, 1774, 2511.67, 1895, 2925.93
5930, 22, 1144, 6, 272, 3401.96, 285, 3448.3
5930, 43, 2170, 8, 3013, 3136.16, 3018, 3196.85
5930, 45, 2278, 5, 2475, 2947.65, 2479, 2997.14
5930, 46, 2327, 2, 305, 1886.21, 340, 2033.62
5930, 47, 2400, 5, 1748, 2467.81, 1764, 2511.61
5930, 67, 3383, 3, 1615, 1289.37, 1690, 1404.33
5930, 77, 3880, 4, 2059, 1786.75, 2062, 1795.13
5930, 91, 4576, 7, 2103, 1309.8, 2130, 1432.43
5932, 0, 41, 5, 2087, 5010.7, 2091, 5120.21
5932, 5, 295, 4, 1329, 3476.46, 1335, 3479.68
5932, 11, 575, 4, 2234, 4532.63, 2239, 4609.19
5932, 33, 1693, 7, 122, 2930.08, 168, 3152.28
5932, 37, 1898, 9, 439, 4761.59, 445, 4793.44
5933, 1, 94, 6, 2967, 3368.92, 2972, 3416.71
5933, 3, 156, 7, 140, 5214.71, 141, 5215.26
5933, 29, 1490, 4, 857, 2469.23, 884, 2519.25
5933, 30, 1530, 11, 3085, 4899.02, 3095, 4904.5
5933, 37, 1900, 3, 23, 1028.34, 142, 1209.23
5933, 43, 2172, 9, 3309, 2560.23, 3321, 2564.05
5933, 46, 2334, 4, 121, 4736.44, 145, 4825.94
5933, 52, 2636, 1, 1454, 2916.84, 1461, 2936.7
5933, 53, 2652, 4, 1351, 4504.89, 1362, 4635.6
5933, 53, 2667, 8, 1511, 4792.93, 1526, 4823.66
5933, 89, 4458, 7, 2292, 4741, 2297, 4741.78
5933, 122, 6144, 3, 1943, 2491.68, 1949, 2493.98
5933, 144, 7201, 2, 2075, 1857, 2079, 1947.23
5933, 154, 7726, 11, 321, 3696.11, 323, 3772.69
5933, 154, 7744, 6, 2173, 3630.77, 2175, 3633.3
5933, 155, 7794, 4, 2635, 2865.57, 2664, 2937.93
5933, 164, 8238, 7, 85, 3283.64, 89, 3364.83
5933, 170, 8548, 10, 1096, 3786.22, 1101, 3789.92
5933, 174, 8728, 6, 2901, 1877.53, 2905, 1881.15
5933, 182, 9133, 4, 1476, 1273.2, 1487, 1276.47
5935, 7, 384, 1, 1306, 2990.7, 1311, 3108.21
5935, 12, 635, 2, 2252, 3622.49, 2258, 3647.42
5935, 22, 1140, 4, 1493, 1321.89, 1496, 1324.84
5935, 44, 2214, 1, 973, 3947.54, 1154, 4322.05
5935, 49, 2468, 7, 496, 5067.1, 508, 5113.18
5935, 59, 2994, 6, 488, 2825.12, 502, 2882.63
5935, 89, 4480, 3, 1328, 2645.7, 1334, 2700.45
5937, 11, 583, 4, 2090, 3489.37, 2130, 3617.87
5937, 22, 1147, 6, 1486, 1508.94, 1493, 1587.64
5937, 24, 1229, 11, 1139, 4628.37, 1140, 4632.93
5937, 28, 1449, 0, 1764, 5223.94, 1794, 5298.2
5937, 29, 1496, 7, 234, 3497.12, 249, 3599.51
5937, 43, 2162, 6, 1380, 3971.42, 1383, 4011.7
5937, 57, 2873, 2, 1177, 1915.91, 1185, 1919.07
5938, 1, 75, 4, 3322, 4625.82, 3341, 4656.91
5938, 17, 885, 5, 454, 2719.09, 556, 2985.06
5938, 29, 1465, 2, 1917, 4938.31, 1919, 4981.37
5938, 30, 1509, 3, 786, 5084.56, 797, 5095.9
5938, 36, 1804, 3, 581, 1978.54, 644, 2128.57
5938, 38, 1933, 7, 2751, 3081.36, 2753, 3141.62
5938, 44, 2220, 1, 1391, 4322.92, 1459, 4494.1
5938, 49, 2473, 7, 1712, 4523.99, 1717, 4547.38
5938, 78, 3940, 5, 2634, 4810.85, 2640, 4882
5938, 85, 4271, 7, 1981, 1347.25, 1993, 1348.18
5940, 1, 55, 3, 2474, 2492.54, 2500, 2554.16
5940, 2, 140, 4, 2975, 2527.17, 3012, 2576.67
5940, 29, 1484, 4, 2891, 5058.05, 2918, 5375.51
5940, 30, 1534, 3, 1586, 2608.5, 1614, 2687.89
5940, 40, 2033, 5, 790, 2063.63, 792, 2069.78
5940, 40, 2046, 8, 1631, 2451.42, 1642, 2515.37
5941, 4, 203, 5, 2063, 2080.04, 2065, 2087.98
5941, 5, 269, 2, 793, 4973.47, 795, 4975.8
5941, 9, 461, 5, 1600, 2411.93, 1606, 2437.1
5941, 14, 703, 6, 3032, 4516.66, 3042, 4615.65
5941, 23, 1185, 5, 234, 5011.96, 242, 5044.15
5941, 29, 1452, 0, 630, 4370.71, 632, 4442.34
5941, 30, 1530, 1, 1400, 3447.05, 1420, 3532.5
5941, 35, 1768, 5, 1114, 3167.38, 1129, 3297.01
5941, 35, 1768, 7, 1116, 3289.55, 1117, 3388.84
5946, 1, 51, 2, 2426, 4243.57, 2429, 4249.23
5946, 13, 670, 11, 813, 4997.3, 814, 4998.47
5946, 13, 698, 8, 2534, 1498.36, 2539, 1589.77
5946, 29, 1475, 11, 2469, 4982.51, 2484, 5039.62
5946, 30, 1534, 4, 2169, 2745.99, 2189, 2780.57
5946, 33, 1681, 8, 2754, 3527.38, 2775, 3656.77
5946, 33, 1681, 9, 2729, 3371.39, 2736, 3431.82
5946, 41, 2061, 4, 1144, 4331.5, 1152, 4335.92
5946, 49, 2494, 7, 2552, 1078.03, 2567, 1187.49
5946, 73, 3697, 6, 2894, 1656.33, 3012, 1681.36
5946, 73, 3697, 13, 3052, 2804.48, 3064, 2861.78
5946, 76, 3809, 9, 836, 1395.58, 842, 1535.48
5946, 85, 4264, 8, 1755, 3807.31, 1759, 3818.37
5947, 4, 203, 7, 2597, 2414.63, 2607, 2482.19
5947, 10, 506, 2, 2685, 4406.68, 2689, 4448.26
5947, 15, 769, 5, 1280, 4253.04, 1356, 4525.68
5947, 16, 839, 11, 3239, 3940.77, 3250, 3977.18
5947, 18, 941, 5, 3392, 928.81, 3407, 1034.21
5947, 31, 1566, 5, 2114, 1864.16, 2115, 1866.52
5947, 44, 2247, 5, 538, 5251.56, 541, 5346.16
5947, 45, 2280, 8, 1700, 2614.88, 1702, 2615.38
5947, 60, 3047, 7, 2466, 4125.87, 2527, 4132.71
5947, 75, 3773, 8, 2436, 3833.44, 2438, 3851.14
5947, 75, 3779, 5, 32, 4475.24, 83, 4730.33
5947, 82, 4128, 10, 1858, 3369.45, 1865, 3396.13
5947, 87, 4359, 4, 1953, 2648.64, 1971, 2695.96
5947, 90, 4524, 0, 1393, 5067.14, 1514, 5281.02
5947, 95, 4752, 2, 85, 3508.73, 115, 3573.76
5947, 100, 5020, 8, 778, 4739.13, 792, 4772.94
5947, 103, 5179, 5, 1623, 3789.71, 1630, 3944.04
5947, 107, 5381, 3, 2602, 1994.76, 2652, 2129
5947, 126, 6337, 6, 921, 2245.5, 950, 2578.11
5947, 128, 6436, 2, 2132, 3349.33, 2136, 3423.82
5947, 134, 6710, 6, 3057, 2644.46, 3066, 2650.49
5947, 137, 6897, 4, 668, 3181.77, 677, 3203.16
5947, 156, 7810, 0, 1132, 2230.36, 1134, 2275.28
5947, 157, 7867, 8, 399, 4040.98, 433, 4320.7
5947, 162, 8122, 5, 2065, 3379.09, 2084, 3499.32
5947, 163, 8196, 3, 1405, 5245.86, 1416, 5269.91
5947, 164, 8201, 5, 2145, 3579.3, 2146, 3678.38
5947, 171, 8583, 7, 413, 4491.07, 432, 4535.59
5947, 174, 8747, 5, 2712, 2342.35, 2725, 2461
5947, 183, 9169, 4, 3216, 2788.76, 3221, 2789
5948, 1, 69, 5, 1363, 3224.13, 1406, 3262.88
5948, 1, 69, 6, 1440, 3326.18, 1459, 3391.05
5948, 11, 562, 10, 3036, 2024.36, 3042, 2072.12
5948, 33, 1666, 14, 1355, 5302.17, 1376, 5319.64
5949, 20, 1042, 4, 1565, 4608.78, 1566, 4618.39
5949, 28, 1445, 5, 1785, 4041.22, 1798, 4067.15
5949, 29, 1479, 5, 2819, 4078.68, 2826, 4113.13
5949, 32, 1604, 2, 1918, 2441.09, 1932, 2486.31
5953, 3, 194, 4, 2613, 3292.97, 2646, 3481.08
5953, 3, 194, 5, 2569, 3308.06, 2581, 3309.28
5953, 12, 611, 5, 499, 1981.15, 508, 2005.84
5953, 17, 859, 6, 2602, 2615.32, 2639, 2748.92
5956, 0, 3, 3, 1783, 1670.3, 1784, 1676.83
5956, 1, 57, 4, 1152, 1372.55, 1175, 1681.96
5956, 4, 249, 5, 2571, 5221.41, 2582, 5221.95
5956, 19, 953, 6, 1586, 3982.5, 1594, 4099.11
5956, 22, 1113, 8, 2930, 2502.82, 2951, 2531.45
5957, 8, 416, 4, 128, 3372.34, 347, 3395.6
5957, 11, 565, 6, 1316, 2141.81, 1328, 2158.89
5957, 13, 654, 9, 1622, 2480.83, 1629, 2596.99
5957, 18, 938, 5, 2956, 3330.67, 2969, 3371.43
5957, 22, 1105, 9, 358, 1668.06, 361, 1668.86
5957, 23, 1168, 6, 2898, 2687.74, 2918, 2701.44
5959, 34, 1715, 4, 321, 2973.82, 384, 2997.44
5959, 36, 1849, 8, 2279, 2133.36, 2287, 2168.39
5959, 40, 2018, 3, 280, 3304.6, 296, 3386.33
5959, 42, 2102, 5, 3061, 4744.23, 3102, 4816.82
5960, 8, 412, 6, 1760, 4477.22, 1769, 4490.29
5960, 42, 2130, 7, 1610, 1686.56, 1641, 1747.6
5960, 47, 2383, 7, 1949, 3360.59, 1962, 3441.23
5960, 53, 2661, 11, 2526, 3330.37, 2530, 3330.38
5960, 53, 2675, 8, 1823, 3028.28, 1823, 3163.76
5960, 66, 3326, 7, 206, 3089.96, 231, 3115.12
5961, 1, 55, 2, 2002, 3092.17, 2012, 3111.64
5961, 5, 293, 5, 2735, 2953.71, 2736, 2953.88
5961, 6, 333, 5, 250, 2242.42, 336, 2252.69
5961, 13, 686, 7, 1265, 5071.93, 1274, 5093.24
5961, 19, 975, 4, 232, 3879.69, 238, 3934.01
5961, 26, 1308, 11, 2028, 2760.95, 2031, 2847.46
5961, 31, 1600, 0, 2805, 3983.33, 2814, 4104.55
5961, 48, 2432, 5, 2052, 4294.81, 2073, 4434.97
5961, 57, 2887, 6, 445, 985.028, 452, 989.079
5961, 60, 3013, 6, 1462, 1892.96, 1462, 1899.21
5961, 68, 3436, 2, 3383, 3130.73, 3396, 3246.96
5961, 81, 4079, 5, 1008, 2259.28, 1019, 2264.47
5961, 88, 4426, 2, 1855, 4169.23, 1875, 4235.39
5961, 109, 5462, 2, 921, 4811.7, 965, 4955.08
5963, 11, 594, 5, 1920, 3406.72, 1930, 3459.77
5965, 7, 393, 0, 2547, 4777.49, 2549, 4784.16
5965, 8, 406, 5, 1822, 1352.04, 1857, 1444.97
5965, 10, 514, 5, 125, 2021.27, 130, 2030.16
5965, 15, 766, 7, 1238, 5213.09, 1240, 5215.66
5965, 15, 798, 1, 845, 3040.53, 853, 3078.13
5965, 17, 884, 6, 3269, 4292.9, 3270, 4361.58
5965, 18, 942, 6, 2570, 4156.54, 2618, 4187.38
5965, 19, 996, 3, 126, 3548.88, 256, 4362.94
5965, 39, 1998, 6, 268, 1286.09, 303, 1286.18
5965, 47, 2394, 10, 486, 3326.44, 492, 3333.55
5965, 48, 2443, 6, 2666, 1479.58, 2691, 1529.55
5965, 49, 2465, 3, 2683, 4303.38, 2689, 4313.1
5966, 25, 1296, 6, 1038, 3687.6, 1048, 3746.18
5966, 26, 1326, 2, 1305, 2435.98, 1305, 2466.24
5966, 29, 1472, 2, 26, 1765.73, 146, 2076.04
5966, 41, 2051, 8, 1313, 2745.1, 1320, 2797.06
5966, 49, 2469, 1, 144, 4141.15, 270, 4725.84
5966, 55, 2754, 5, 1648, 5213.64, 1648, 5274.39
5966, 57, 2867, 4, 105, 3238.18, 113, 3242.23
5966, 62, 3124, 11, 3019, 1843.45, 3031, 1944.01
5966, 65, 3274, 3, 2558, 2739.11, 2565, 2785.59
5966, 68, 3402, 4, 1031, 4292.42, 1031, 4295.79
5966, 68, 3422, 7, 1811, 2098.75, 1820, 2146.56
5966, 81, 4061, 8, 754, 3576.36, 774, 3595.09
5966, 103, 5180, 6, 1273, 3479.25, 1293, 3479.64
5966, 104, 5239, 1, 1476, 4878.07, 1487, 4935.92
5966, 117, 5851, 5, 1658, 1121.14, 1673, 1140.13
5966, 127, 6352, 6, 98, 3660.11, 105, 3677.12
5966, 136, 6842, 3, 515, 3610.04, 565, 3671.38
5966, 139, 6976, 5, 188, 2188.53, 231, 2308.78
5966, 145, 7257, 6, 2646, 2390.05, 2667, 2462.43
5966, 145, 7257, 8, 2644, 2438.39, 2652, 2462.24
5966, 164, 8213, 4, 3350, 5064.56, 3366, 5094.81
5966, 167, 8354, 9, 2732, 2245.23, 2734, 2362.1
5966, 175, 8774, 5, 1958, 3219.45, 1962, 3220.86
5966, 184, 9203, 3, 2821, 2918.9, 2848, 2947.05
5966, 186, 9305, 2, 23, 1930.52, 38, 1977.6
5966, 193, 9661, 4, 1599, 1736.14, 1620, 1852.42
5966, 194, 9724, 3, 457, 2224.97, 475, 2305.32
5966, 199, 9998, 5, 1314, 2743.24, 1349, 2973.56
5966, 209, 10487, 5, 2055, 3742.91, 2072, 3807.27
5968, 5, 296, 2, 673, 1568.15, 749, 1771.66
5968, 7, 388, 5, 2134, 3295.88, 2139, 3386.26
5968, 10, 521, 3, 1450, 3921.33, 1465, 4006.41
5968, 20, 1015, 6, 662, 4421.99, 680, 4424.67
5968, 23, 1164, 2, 593, 1928.94, 595, 1955.45
5969, 7, 362, 6, 386, 3888.27, 400, 3911.07
5969, 11, 587, 0, 2598, 5301.93, 2633, 5362.14
5969, 12, 625, 8, 2503, 4122.61, 2524, 4186.57
5969, 14, 712, 3, 1569, 4228.66, 1576, 4455.88
5969, 14, 712, 4, 1742, 3630.62, 1798, 3707.86
5969, 15, 788, 5, 850, 1839.5, 872, 1914.67
5969, 19, 975, 3, 631, 3221.63, 641, 3320.55
5969, 20, 1008, 6, 2156, 3118.21, 2162, 3129.55
5969, 21, 1085, 5, 3068, 3612.27, 3090, 3803.27
5969, 24, 1228, 10, 1606, 4991.58, 1625, 5025.11
5969, 29, 1484, 6, 1901, 1038.55, 1922, 1160.41
5969, 30, 1526, 8, 1345, 4388.84, 1350, 4407.76
5969, 44, 2250, 2, 1824, 4391.73, 1870, 4577.55
5971, 7, 354, 5, 2821, 3684.73, 2837, 3744.24
5971, 7, 371, 20, 1664, 1853.86, 1668, 1860.88
5971, 17, 885, 4, 1742, 4984.1, 1817, 5048.44
5971, 67, 3400, 3, 2293, 4588.13, 2298, 4628.41
5971, 68, 3424, 2, 3382, 3650.07, 3406, 3753.68
5971, 78, 3950, 1, 2540, 3204.69, 2545, 3256.72
5971, 107, 5367, 4, 1910, 3240.62, 1922, 3313.25
5971, 117, 5887, 7, 2872, 2471.67, 2873, 2478.65
5971, 118, 5938, 7, 2719, 3782.53, 2721, 3855.32
5975, 8, 441, 4, 3282, 3996.63, 3295, 4038.94
5975, 26, 1304, 8, 2949, 1941.61, 2953, 2078.74
5975, 47, 2363, 1, 1131, 3265.6, 1152, 3505.58
5975, 51, 2600, 7, 717, 2581.46, 733, 2609.05
5975, 83, 4152, 1, 1728, 1399.76, 1761, 1466.16
5975, 87, 4364, 6, 1791, 2186.71, 1793, 2187.03
5977, 0, 33, 5, 1958, 3310.43, 2097, 3719.5
5977, 9, 467, 6, 711, 2031.06, 713, 2094.05
5977, 14, 733, 4, 1370, 2940.94, 1374, 2986.42
5977, 18, 944, 2, 1246, 1343.73, 1261, 1383.11
5977, 29, 1460, 6, 1401, 1995.26, 1413, 2003.98
5977, 39, 1965, 8, 60, 1737.73, 93, 1799.88
5977, 45, 2256, 2, 1067, 3610.75, 1167, 3928.51
5977, 46, 2311, 2, 3154, 2700.6, 3171, 2726.82
5977, 65, 3288, 4, 2327, 4003.05, 2333, 4009.15
5977, 76, 3806, 5, 264, 4949.51, 279, 4965.94
5977, 81, 4051, 3, 2088, 1639.57, 2102, 1671.12
5977, 86, 4309, 5, 1856, 1322.74, 1869, 1394.64
5977, 98, 4918, 6, 1010, 1006.08, 1016, 1075.48
5977, 105, 5272, 6, 3059, 1187.63, 3101, 1299.1
5977, 110, 5534, 2, 2896, 1104.24, 2939, 1203.79
5977, 110, 5543, 7, 1936, 4031.23, 1940, 4057.59
5977, 115, 5779, 2, 1124, 2978.51, 1138, 3137.35
5977, 135, 6793, 4, 2056, 4236.78, 2065, 4303.29
5977, 139, 6986, 4, 1869, 4794.12, 1872, 4827.09
5977, 143, 7183, 9, 2502, 2849.26, 2515, 2901.4
5977, 149, 7468, 9, 1959, 3874.14, 1971, 3906.11
5977, 156, 7833, 6, 2325, 2124.01, 2326, 2206.7
5977, 175, 8800, 5, 108, 4495.51, 122, 4521.58
5977, 205, 10253, 5, 3330, 1709.43, 3335, 1733.72
5977, 214, 10744, 2, 2102, 1266.75, 2109, 1283.87
5979, 14, 706, 6, 2232, 2792.6, 2251, 2866.7
5979, 28, 1406, 6, 1993, 4465.08, 1999, 4499.38
5979, 102, 5105, 4, 162, 3771.82, 178, 3813.18
5979, 116, 5835, 4, 2898, 3428.99, 2918, 3476.14
5979, 120, 6022, 6, 430, 2591.26, 465, 2591.56
5979, 123, 6190, 7, 1453, 3614.31, 1460, 3615.66
5979, 156, 7811, 10, 1930, 3787.49, 1945, 3882.97
5982, 4, 216, 4, 3087, 1172.57, 3110, 1305.99
5982, 12, 629, 0, 3244, 3578.73, 3282, 3791.46
5982, 16, 831, 3, 1111, 3959.62, 1114, 3963.51
5982, 24, 1205, 4, 1594, 2497.62, 1614, 2531.54
5982, 39, 1964, 6, 1743, 970.929, 1746, 978.15
5983, 0, 42, 5, 1847, 2320.79, 1848, 2365.89
5983, 0, 50, 8, 2692, 2558.85, 2698, 2570.69
5983, 21, 1081, 0, 2493, 3166.97, 2506, 3179.98
5983, 28, 1403, 3, 256, 4303.62, 266, 4325.75
5983, 42, 2107, 2, 1362, 3080.52, 1368, 3080.58
5983, 44, 2242, 2, 2115, 4140.24, 2135, 4286.18
5983, 53, 2668, 6, 278, 4988.29, 280, 4988.49
5983, 55, 2790, 5, 1655, 2234.47, 1669, 2357.38
5983, 56, 2836, 6, 2115, 5032.65, 2124, 5041.38
5983, 72, 3608, 8, 3384, 3955.03, 3390, 3959.41
5983, 82, 4119, 6, 1866, 5056.78, 1904, 5258.62
5983, 84, 4212, 5, 391, 886.067, 399, 921.596
5983, 93, 4668, 4, 1316, 4296.63, 1363, 4369.12
5983, 96, 4836, 5, 1281, 3592.9, 1293, 3635.84
5985, 1, 93, 2, 2121, 4886.26, 2127, 4922.44
5985, 6, 305, 3, 1699, 4401.94, 1712, 4428.28
5985, 8, 433, 8, 2197, 4043.05, 2209, 4099.7
5985, 18, 916, 5, 451, 2663.01, 454, 2701.73
5985, 20, 1005, 6, 2053, 1586.72, 2084, 1643.18
5985, 32, 1618, 8, 640, 4808.98, 644, 4833.12
5985, 50, 2526, 8, 2516, 4011.12, 2518, 4011.66
5985, 50, 2538, 7, 1305, 2365.21, 1317, 2393.93
5985, 58, 2915, 4, 453, 3042.49, 454, 3042.69
5985, 76, 3831, 1, 2806, 1497.86, 2840, 1557.93
5985, 80, 4048, 6, 1126, 2726.71, 1130, 2727.62
5985, 81, 4079, 5, 2073, 5116.52, 2079, 5122.21
5985, 90, 4507, 3, 3256, 2182.83, 3302, 2389.44
5985, 99, 4981, 5, 3227, 1970.49, 3234, 2059.91
5985, 102, 5121, 5, 2106, 5158.08, 2108, 5179.15
5985, 115, 5756, 2, 296, 2692.31, 303, 2701.05
5985, 118, 5917, 4, 235, 4419.85, 243, 4420.61
5985, 124, 6222, 3, 293, 1577.49, 303, 1581.07
5985, 135, 6760, 3, 1168, 3377.27, 1174, 3413.84
5985, 142, 7136, 0, 224, 1437.33, 293, 1581.36
5985, 150, 7532, 5, 1015, 4457.28, 1026, 4481.08
5985, 161, 8097, 13, 1171, 2310.13, 1193, 2375.86
5985, 169, 8494, 8, 40, 4947.89, 64, 5001.36
5985, 180, 9036, 11, 1142, 3310.59, 1153, 3346.02
5985, 187, 9393, 9, 3139, 4188.55, 3145, 4242.12
5985, 193, 9699, 9, 2950, 4441.57, 2956, 4454.74
5986, 4, 203, 2, 71, 3708.99, 83, 3711.09
5987, 2, 111, 6, 2105, 3653.28, 2109, 3655.48
5987, 8, 415, 2, 2657, 3042.8, 2662, 3063.25
5987, 11, 560, 5, 3129, 4296.44, 3162, 4336.68
5988, 4, 209, 0, 1106, 3977.65, 1107, 4088.27
5988, 10, 545, 3, 284, 1396.88, 300, 1467.95
5988, 11, 575, 4, 2668, 4978.49, 2778, 4993.93
5988, 19, 977, 5, 3261, 4392.27, 3307, 4604.97
5988, 32, 1640, 3, 3285, 3756.83, 3298, 3807.79
5988, 33, 1696, 5, 127, 2174.66, 138, 2197.34
5990, 8, 450, 6, 624, 2121.68, 639, 2159.39
5990, 20, 1042, 3, 2958, 2943.06, 2969, 2958.11
5990, 20, 1043, 4, 1482, 1215.28, 1491, 1218.97
5990, 25, 1251, 7, 1939, 2422.21, 1965, 2549.27
5990, 37, 1853, 8, 1827, 2104.36, 1832, 2105.02
5994, 1, 58, 10, 2115, 3640.6, 2132, 3682.09
5994, 16, 843, 5, 145, 3966.7, 152, 4002.05
5994, 17, 881, 13, 2837, 3175.85, 2843, 3186.15
5994, 38, 1928, 5, 586, 5288.07, 593, 5341.94
5994, 40, 2045, 1, 687, 3578.19, 692, 3597.29
5994, 47, 2356, 5, 2038, 4634.74, 2088, 4890.06
5996, 6, 331, 3, 482, 2572.05, 487, 2572.21
5996, 16, 801, 7, 357, 4772.68, 367, 4797.1
5996, 18, 918, 4, 537, 1487.39, 584, 1614.26
5996, 23, 1197, 8, 843, 4969.1, 856, 5056.2
5996, 27, 1394, 2, 1784, 1114.34, 1809, 1408.82
5996, 36, 1818, 1, 2084, 2470.85, 2122, 2565.54
5996, 36, 1843, 2, 3283, 4198.42, 3311, 4229.95
5996, 42, 2140, 1, 1356, 4660.39, 1390, 4920.91
5996, 43, 2193, 4, 2670, 3388.31, 2682, 3406.57
5996, 59, 2961, 2, 1366, 5275.05, 1377, 5328.41
5996, 68, 3407, 9, 432, 2335.85, 434, 2343.75
5996, 71, 3564, 3, 832, 1740.77, 943, 1905.21
